{
  "project_info": {
    "project_number": "340730098781",
    "project_id": "suportstudy-72e5e",
    "storage_bucket": "suportstudy-72e5e.appspot.com"
  },
  "client": [
    {
      "client_info": {
        "mobilesdk_app_id": "1:340730098781:android:5c0d875189314eaf5309b4",
        "android_client_info": {
          "package_name": "com.example.suportstudy"
        }
      },
      "oauth_client": [
        {
          "client_id": "340730098781-7o5lt97p4vj4m2uhle58o2r9k6qbdqj7.apps.googleusercontent.com",
          "client_type": 3
        }
      ],
      "api_key": [
        {
          "current_key": "AIzaSyD302NlekMqWzN3kEJRC8-fEtjwPoOA7u4"
        }
      ],
      "services": {
        "appinvite_service": {
          "other_platform_oauth_client": [
            {
              "client_id": "340730098781-7o5lt97p4vj4m2uhle58o2r9k6qbdqj7.apps.googleusercontent.com",
              "client_type": 3
            }
          ]
        }
      }
    }
  ],
  "configuration_version": "1"
}